year,GEOID,NAME,variable,estimate,moe
2009,16001,"Ada County, Idaho",B01001_001,368791,0
2009,16003,"Adams County, Idaho",B01001_001,3520,0
2009,16005,"Bannock County, Idaho",B01001_001,80428,0
2009,16007,"Bear Lake County, Idaho",B01001_001,5859,0
2009,16009,"Benewah County, Idaho",B01001_001,9246,0
2009,16011,"Bingham County, Idaho",B01001_001,43635,0
2009,16013,"Blaine County, Idaho",B01001_001,21775,0
2009,16015,"Boise County, Idaho",B01001_001,7467,0
2009,16017,"Bonner County, Idaho",B01001_001,40878,0
2009,16019,"Bonneville County, Idaho",B01001_001,96238,0
2009,16021,"Boundary County, Idaho",B01001_001,10748,0
2009,16023,"Butte County, Idaho",B01001_001,2769,0
2009,16025,"Camas County, Idaho",B01001_001,1040,90
2009,16027,"Canyon County, Idaho",B01001_001,176820,0
2009,16029,"Caribou County, Idaho",B01001_001,6888,0
2009,16031,"Cassia County, Idaho",B01001_001,21154,0
2009,16033,"Clark County, Idaho",B01001_001,984,90
2009,16035,"Clearwater County, Idaho",B01001_001,8192,0
2009,16037,"Custer County, Idaho",B01001_001,4129,0
2009,16039,"Elmore County, Idaho",B01001_001,28791,0
2009,16041,"Franklin County, Idaho",B01001_001,12272,0
2009,16043,"Fremont County, Idaho",B01001_001,12537,0
2009,16045,"Gem County, Idaho",B01001_001,16355,0
2009,16047,"Gooding County, Idaho",B01001_001,14320,0
2009,16049,"Idaho County, Idaho",B01001_001,15286,0
2009,16051,"Jefferson County, Idaho",B01001_001,22892,0
2009,16053,"Jerome County, Idaho",B01001_001,20142,0
2009,16055,"Kootenai County, Idaho",B01001_001,133461,0
2009,16057,"Latah County, Idaho",B01001_001,37511,0
2009,16059,"Lemhi County, Idaho",B01001_001,7818,0
2009,16061,"Lewis County, Idaho",B01001_001,3645,0
2009,16063,"Lincoln County, Idaho",B01001_001,4533,0
2009,16065,"Madison County, Idaho",B01001_001,37120,0
2009,16067,"Minidoka County, Idaho",B01001_001,18800,0
2009,16069,"Nez Perce County, Idaho",B01001_001,38691,0
2009,16071,"Oneida County, Idaho",B01001_001,4148,0
2009,16073,"Owyhee County, Idaho",B01001_001,10995,0
2009,16075,"Payette County, Idaho",B01001_001,22534,0
2009,16077,"Power County, Idaho",B01001_001,7689,0
2009,16079,"Shoshone County, Idaho",B01001_001,12794,0
2009,16081,"Teton County, Idaho",B01001_001,8422,0
2009,16083,"Twin Falls County, Idaho",B01001_001,72578,0
2009,16085,"Valley County, Idaho",B01001_001,8667,0
2009,16087,"Washington County, Idaho",B01001_001,10011,0
2010,16001,"Ada County, Idaho",B01001_001,380718,NA
2010,16003,"Adams County, Idaho",B01001_001,3942,NA
2010,16005,"Bannock County, Idaho",B01001_001,80701,NA
2010,16007,"Bear Lake County, Idaho",B01001_001,6026,NA
2010,16009,"Benewah County, Idaho",B01001_001,9302,NA
2010,16011,"Bingham County, Idaho",B01001_001,44496,NA
2010,16013,"Blaine County, Idaho",B01001_001,21329,NA
2010,16015,"Boise County, Idaho",B01001_001,7122,NA
2010,16017,"Bonner County, Idaho",B01001_001,40711,NA
2010,16019,"Bonneville County, Idaho",B01001_001,100213,NA
2010,16021,"Boundary County, Idaho",B01001_001,10792,NA
2010,16023,"Butte County, Idaho",B01001_001,2842,NA
2010,16025,"Camas County, Idaho",B01001_001,1216,111
2010,16027,"Canyon County, Idaho",B01001_001,182723,NA
2010,16029,"Caribou County, Idaho",B01001_001,6900,NA
2010,16031,"Cassia County, Idaho",B01001_001,22109,NA
2010,16033,"Clark County, Idaho",B01001_001,857,111
2010,16035,"Clearwater County, Idaho",B01001_001,8766,NA
2010,16037,"Custer County, Idaho",B01001_001,4277,NA
2010,16039,"Elmore County, Idaho",B01001_001,26669,NA
2010,16041,"Franklin County, Idaho",B01001_001,12497,NA
2010,16043,"Fremont County, Idaho",B01001_001,13062,NA
2010,16045,"Gem County, Idaho",B01001_001,16778,NA
2010,16047,"Gooding County, Idaho",B01001_001,15140,NA
2010,16049,"Idaho County, Idaho",B01001_001,15947,NA
2010,16051,"Jefferson County, Idaho",B01001_001,24523,NA
2010,16053,"Jerome County, Idaho",B01001_001,21282,NA
2010,16055,"Kootenai County, Idaho",B01001_001,134851,NA
2010,16057,"Latah County, Idaho",B01001_001,36645,NA
2010,16059,"Lemhi County, Idaho",B01001_001,7861,NA
2010,16061,"Lewis County, Idaho",B01001_001,3761,NA
2010,16063,"Lincoln County, Idaho",B01001_001,5021,NA
2010,16065,"Madison County, Idaho",B01001_001,36413,NA
2010,16067,"Minidoka County, Idaho",B01001_001,19524,NA
2010,16069,"Nez Perce County, Idaho",B01001_001,38886,NA
2010,16071,"Oneida County, Idaho",B01001_001,4212,NA
2010,16073,"Owyhee County, Idaho",B01001_001,11389,NA
2010,16075,"Payette County, Idaho",B01001_001,22451,NA
2010,16077,"Power County, Idaho",B01001_001,7633,NA
2010,16079,"Shoshone County, Idaho",B01001_001,12917,NA
2010,16081,"Teton County, Idaho",B01001_001,9413,NA
2010,16083,"Twin Falls County, Idaho",B01001_001,74929,NA
2010,16085,"Valley County, Idaho",B01001_001,9846,NA
2010,16087,"Washington County, Idaho",B01001_001,10105,NA
2011,16001,"Ada County, Idaho",B01001_001,388174,NA
2011,16003,"Adams County, Idaho",B01001_001,3980,NA
2011,16005,"Bannock County, Idaho",B01001_001,81730,NA
2011,16007,"Bear Lake County, Idaho",B01001_001,6013,NA
2011,16009,"Benewah County, Idaho",B01001_001,9293,NA
2011,16011,"Bingham County, Idaho",B01001_001,45002,NA
2011,16013,"Blaine County, Idaho",B01001_001,21354,NA
2011,16015,"Boise County, Idaho",B01001_001,7094,NA
2011,16017,"Bonner County, Idaho",B01001_001,40849,NA
2011,16019,"Bonneville County, Idaho",B01001_001,102422,NA
2011,16021,"Boundary County, Idaho",B01001_001,10845,NA
2011,16023,"Butte County, Idaho",B01001_001,2848,NA
2011,16025,"Camas County, Idaho",B01001_001,1235,123
2011,16027,"Canyon County, Idaho",B01001_001,186620,NA
2011,16029,"Caribou County, Idaho",B01001_001,6893,NA
2011,16031,"Cassia County, Idaho",B01001_001,22491,NA
2011,16033,"Clark County, Idaho",B01001_001,847,123
2011,16035,"Clearwater County, Idaho",B01001_001,8753,NA
2011,16037,"Custer County, Idaho",B01001_001,4313,NA
2011,16039,"Elmore County, Idaho",B01001_001,26744,NA
2011,16041,"Franklin County, Idaho",B01001_001,12650,NA
2011,16043,"Fremont County, Idaho",B01001_001,13133,NA
2011,16045,"Gem County, Idaho",B01001_001,16783,NA
2011,16047,"Gooding County, Idaho",B01001_001,15285,NA
2011,16049,"Idaho County, Idaho",B01001_001,16108,NA
2011,16051,"Jefferson County, Idaho",B01001_001,25291,NA
2011,16053,"Jerome County, Idaho",B01001_001,21794,NA
2011,16055,"Kootenai County, Idaho",B01001_001,137178,NA
2011,16057,"Latah County, Idaho",B01001_001,36932,NA
2011,16059,"Lemhi County, Idaho",B01001_001,7895,NA
2011,16061,"Lewis County, Idaho",B01001_001,3785,NA
2011,16063,"Lincoln County, Idaho",B01001_001,5106,NA
2011,16065,"Madison County, Idaho",B01001_001,36984,NA
2011,16067,"Minidoka County, Idaho",B01001_001,19740,NA
2011,16069,"Nez Perce County, Idaho",B01001_001,39088,NA
2011,16071,"Oneida County, Idaho",B01001_001,4225,NA
2011,16073,"Owyhee County, Idaho",B01001_001,11449,NA
2011,16075,"Payette County, Idaho",B01001_001,22596,NA
2011,16077,"Power County, Idaho",B01001_001,7671,NA
2011,16079,"Shoshone County, Idaho",B01001_001,12849,NA
2011,16081,"Teton County, Idaho",B01001_001,9786,NA
2011,16083,"Twin Falls County, Idaho",B01001_001,76129,NA
2011,16085,"Valley County, Idaho",B01001_001,9877,NA
2011,16087,"Washington County, Idaho",B01001_001,10153,NA
2012,16001,"Ada County, Idaho",B01001_001,394961,NA
2012,16003,"Adams County, Idaho",B01001_001,3976,NA
2012,16005,"Bannock County, Idaho",B01001_001,82584,NA
2012,16007,"Bear Lake County, Idaho",B01001_001,5977,NA
2012,16009,"Benewah County, Idaho",B01001_001,9247,NA
2012,16011,"Bingham County, Idaho",B01001_001,45312,NA
2012,16013,"Blaine County, Idaho",B01001_001,21323,NA
2012,16015,"Boise County, Idaho",B01001_001,7014,NA
2012,16017,"Bonner County, Idaho",B01001_001,40806,NA
2012,16019,"Bonneville County, Idaho",B01001_001,104177,NA
2012,16021,"Boundary County, Idaho",B01001_001,10857,NA
2012,16023,"Butte County, Idaho",B01001_001,2828,NA
2012,16025,"Camas County, Idaho",B01001_001,1276,127
2012,16027,"Canyon County, Idaho",B01001_001,189396,NA
2012,16029,"Caribou County, Idaho",B01001_001,6872,NA
2012,16031,"Cassia County, Idaho",B01001_001,22813,NA
2012,16033,"Clark County, Idaho",B01001_001,780,127
2012,16035,"Clearwater County, Idaho",B01001_001,8679,NA
2012,16037,"Custer County, Idaho",B01001_001,4338,NA
2012,16039,"Elmore County, Idaho",B01001_001,26655,NA
2012,16041,"Franklin County, Idaho",B01001_001,12739,NA
2012,16043,"Fremont County, Idaho",B01001_001,13123,NA
2012,16045,"Gem County, Idaho",B01001_001,16768,NA
2012,16047,"Gooding County, Idaho",B01001_001,15327,NA
2012,16049,"Idaho County, Idaho",B01001_001,16215,NA
2012,16051,"Jefferson County, Idaho",B01001_001,25940,NA
2012,16053,"Jerome County, Idaho",B01001_001,22140,NA
2012,16055,"Kootenai County, Idaho",B01001_001,139083,NA
2012,16057,"Latah County, Idaho",B01001_001,37365,NA
2012,16059,"Lemhi County, Idaho",B01001_001,7892,NA
2012,16061,"Lewis County, Idaho",B01001_001,3818,NA
2012,16063,"Lincoln County, Idaho",B01001_001,5167,NA
2012,16065,"Madison County, Idaho",B01001_001,37311,NA
2012,16067,"Minidoka County, Idaho",B01001_001,19909,NA
2012,16069,"Nez Perce County, Idaho",B01001_001,39226,NA
2012,16071,"Oneida County, Idaho",B01001_001,4236,NA
2012,16073,"Owyhee County, Idaho",B01001_001,11479,NA
2012,16075,"Payette County, Idaho",B01001_001,22614,NA
2012,16077,"Power County, Idaho",B01001_001,7717,NA
2012,16079,"Shoshone County, Idaho",B01001_001,12797,NA
2012,16081,"Teton County, Idaho",B01001_001,10007,NA
2012,16083,"Twin Falls County, Idaho",B01001_001,77122,NA
2012,16085,"Valley County, Idaho",B01001_001,9793,NA
2012,16087,"Washington County, Idaho",B01001_001,10144,NA
2013,16001,"Ada County, Idaho",B01001_001,401673,NA
2013,16003,"Adams County, Idaho",B01001_001,3937,NA
2013,16005,"Bannock County, Idaho",B01001_001,83091,NA
2013,16007,"Bear Lake County, Idaho",B01001_001,5957,NA
2013,16009,"Benewah County, Idaho",B01001_001,9186,NA
2013,16011,"Bingham County, Idaho",B01001_001,45485,NA
2013,16013,"Blaine County, Idaho",B01001_001,21294,NA
2013,16015,"Boise County, Idaho",B01001_001,6944,NA
2013,16017,"Bonner County, Idaho",B01001_001,40743,NA
2013,16019,"Bonneville County, Idaho",B01001_001,105580,NA
2013,16021,"Boundary County, Idaho",B01001_001,10866,NA
2013,16023,"Butte County, Idaho",B01001_001,2786,NA
2013,16025,"Camas County, Idaho",B01001_001,1267,140
2013,16027,"Canyon County, Idaho",B01001_001,192153,NA
2013,16029,"Caribou County, Idaho",B01001_001,6867,NA
2013,16031,"Cassia County, Idaho",B01001_001,23054,NA
2013,16033,"Clark County, Idaho",B01001_001,751,140
2013,16035,"Clearwater County, Idaho",B01001_001,8638,NA
2013,16037,"Custer County, Idaho",B01001_001,4331,NA
2013,16039,"Elmore County, Idaho",B01001_001,26528,NA
2013,16041,"Franklin County, Idaho",B01001_001,12801,NA
2013,16043,"Fremont County, Idaho",B01001_001,13088,NA
2013,16045,"Gem County, Idaho",B01001_001,16722,NA
2013,16047,"Gooding County, Idaho",B01001_001,15278,NA
2013,16049,"Idaho County, Idaho",B01001_001,16269,NA
2013,16051,"Jefferson County, Idaho",B01001_001,26389,NA
2013,16053,"Jerome County, Idaho",B01001_001,22391,NA
2013,16055,"Kootenai County, Idaho",B01001_001,140785,NA
2013,16057,"Latah County, Idaho",B01001_001,37636,NA
2013,16059,"Lemhi County, Idaho",B01001_001,7853,NA
2013,16061,"Lewis County, Idaho",B01001_001,3851,NA
2013,16063,"Lincoln County, Idaho",B01001_001,5221,NA
2013,16065,"Madison County, Idaho",B01001_001,37542,NA
2013,16067,"Minidoka County, Idaho",B01001_001,20104,NA
2013,16069,"Nez Perce County, Idaho",B01001_001,39458,NA
2013,16071,"Oneida County, Idaho",B01001_001,4257,NA
2013,16073,"Owyhee County, Idaho",B01001_001,11474,NA
2013,16075,"Payette County, Idaho",B01001_001,22629,NA
2013,16077,"Power County, Idaho",B01001_001,7756,NA
2013,16079,"Shoshone County, Idaho",B01001_001,12729,NA
2013,16081,"Teton County, Idaho",B01001_001,10141,NA
2013,16083,"Twin Falls County, Idaho",B01001_001,78067,NA
2013,16085,"Valley County, Idaho",B01001_001,9698,NA
2013,16087,"Washington County, Idaho",B01001_001,10094,NA
2014,16001,"Ada County, Idaho",B01001_001,409239,NA
2014,16003,"Adams County, Idaho",B01001_001,3908,NA
2014,16005,"Bannock County, Idaho",B01001_001,83394,NA
2014,16007,"Bear Lake County, Idaho",B01001_001,5941,NA
2014,16009,"Benewah County, Idaho",B01001_001,9149,NA
2014,16011,"Bingham County, Idaho",B01001_001,45558,NA
2014,16013,"Blaine County, Idaho",B01001_001,21269,NA
2014,16015,"Boise County, Idaho",B01001_001,6880,NA
2014,16017,"Bonner County, Idaho",B01001_001,40899,NA
2014,16019,"Bonneville County, Idaho",B01001_001,106703,NA
2014,16021,"Boundary County, Idaho",B01001_001,10903,NA
2014,16023,"Butte County, Idaho",B01001_001,2734,NA
2014,16025,"Camas County, Idaho",B01001_001,1156,153
2014,16027,"Canyon County, Idaho",B01001_001,195353,NA
2014,16029,"Caribou County, Idaho",B01001_001,6857,NA
2014,16031,"Cassia County, Idaho",B01001_001,23275,NA
2014,16033,"Clark County, Idaho",B01001_001,823,153
2014,16035,"Clearwater County, Idaho",B01001_001,8600,NA
2014,16037,"Custer County, Idaho",B01001_001,4284,NA
2014,16039,"Elmore County, Idaho",B01001_001,26349,NA
2014,16041,"Franklin County, Idaho",B01001_001,12853,NA
2014,16043,"Fremont County, Idaho",B01001_001,13024,NA
2014,16045,"Gem County, Idaho",B01001_001,16732,NA
2014,16047,"Gooding County, Idaho",B01001_001,15241,NA
2014,16049,"Idaho County, Idaho",B01001_001,16315,NA
2014,16051,"Jefferson County, Idaho",B01001_001,26620,NA
2014,16053,"Jerome County, Idaho",B01001_001,22580,NA
2014,16055,"Kootenai County, Idaho",B01001_001,142783,NA
2014,16057,"Latah County, Idaho",B01001_001,37989,NA
2014,16059,"Lemhi County, Idaho",B01001_001,7828,NA
2014,16061,"Lewis County, Idaho",B01001_001,3822,NA
2014,16063,"Lincoln County, Idaho",B01001_001,5246,NA
2014,16065,"Madison County, Idaho",B01001_001,37754,NA
2014,16067,"Minidoka County, Idaho",B01001_001,20191,NA
2014,16069,"Nez Perce County, Idaho",B01001_001,39655,NA
2014,16071,"Oneida County, Idaho",B01001_001,4241,NA
2014,16073,"Owyhee County, Idaho",B01001_001,11412,NA
2014,16075,"Payette County, Idaho",B01001_001,22658,NA
2014,16077,"Power County, Idaho",B01001_001,7742,NA
2014,16079,"Shoshone County, Idaho",B01001_001,12629,NA
2014,16081,"Teton County, Idaho",B01001_001,10212,NA
2014,16083,"Twin Falls County, Idaho",B01001_001,78933,NA
2014,16085,"Valley County, Idaho",B01001_001,9662,NA
2014,16087,"Washington County, Idaho",B01001_001,10068,NA
2015,16001,"Ada County, Idaho",B01001_001,417501,NA
2015,16003,"Adams County, Idaho",B01001_001,3880,NA
2015,16005,"Bannock County, Idaho",B01001_001,83604,NA
2015,16007,"Bear Lake County, Idaho",B01001_001,5939,NA
2015,16009,"Benewah County, Idaho",B01001_001,9088,NA
2015,16011,"Bingham County, Idaho",B01001_001,45407,NA
2015,16013,"Blaine County, Idaho",B01001_001,21309,NA
2015,16015,"Boise County, Idaho",B01001_001,6885,NA
2015,16017,"Bonner County, Idaho",B01001_001,41066,NA
2015,16019,"Bonneville County, Idaho",B01001_001,107788,NA
2015,16021,"Boundary County, Idaho",B01001_001,10961,NA
2015,16023,"Butte County, Idaho",B01001_001,2653,NA
2015,16025,"Camas County, Idaho",B01001_001,1052,119
2015,16027,"Canyon County, Idaho",B01001_001,198921,NA
2015,16029,"Caribou County, Idaho",B01001_001,6808,NA
2015,16031,"Cassia County, Idaho",B01001_001,23369,NA
2015,16033,"Clark County, Idaho",B01001_001,901,119
2015,16035,"Clearwater County, Idaho",B01001_001,8560,NA
2015,16037,"Custer County, Idaho",B01001_001,4234,NA
2015,16039,"Elmore County, Idaho",B01001_001,26175,NA
2015,16041,"Franklin County, Idaho",B01001_001,12914,NA
2015,16043,"Fremont County, Idaho",B01001_001,12945,NA
2015,16045,"Gem County, Idaho",B01001_001,16731,NA
2015,16047,"Gooding County, Idaho",B01001_001,15233,NA
2015,16049,"Idaho County, Idaho",B01001_001,16312,NA
2015,16051,"Jefferson County, Idaho",B01001_001,26792,NA
2015,16053,"Jerome County, Idaho",B01001_001,22653,NA
2015,16055,"Kootenai County, Idaho",B01001_001,145046,NA
2015,16057,"Latah County, Idaho",B01001_001,38339,NA
2015,16059,"Lemhi County, Idaho",B01001_001,7790,NA
2015,16061,"Lewis County, Idaho",B01001_001,3812,NA
2015,16063,"Lincoln County, Idaho",B01001_001,5260,NA
2015,16065,"Madison County, Idaho",B01001_001,37916,NA
2015,16067,"Minidoka County, Idaho",B01001_001,20279,NA
2015,16069,"Nez Perce County, Idaho",B01001_001,39779,NA
2015,16071,"Oneida County, Idaho",B01001_001,4245,NA
2015,16073,"Owyhee County, Idaho",B01001_001,11364,NA
2015,16075,"Payette County, Idaho",B01001_001,22700,NA
2015,16077,"Power County, Idaho",B01001_001,7731,NA
2015,16079,"Shoshone County, Idaho",B01001_001,12571,NA
2015,16081,"Teton County, Idaho",B01001_001,10285,NA
2015,16083,"Twin Falls County, Idaho",B01001_001,80004,NA
2015,16085,"Valley County, Idaho",B01001_001,9720,NA
2015,16087,"Washington County, Idaho",B01001_001,10025,NA
2016,16001,"Ada County, Idaho",B01001_001,425798,NA
2016,16003,"Adams County, Idaho",B01001_001,3865,NA
2016,16005,"Bannock County, Idaho",B01001_001,83815,NA
2016,16007,"Bear Lake County, Idaho",B01001_001,5928,NA
2016,16009,"Benewah County, Idaho",B01001_001,9068,NA
2016,16011,"Bingham County, Idaho",B01001_001,45261,NA
2016,16013,"Blaine County, Idaho",B01001_001,21427,NA
2016,16015,"Boise County, Idaho",B01001_001,6891,NA
2016,16017,"Bonner County, Idaho",B01001_001,41389,NA
2016,16019,"Bonneville County, Idaho",B01001_001,108989,NA
2016,16021,"Boundary County, Idaho",B01001_001,11141,NA
2016,16023,"Butte County, Idaho",B01001_001,2592,NA
2016,16025,"Camas County, Idaho",B01001_001,968,119
2016,16027,"Canyon County, Idaho",B01001_001,202782,NA
2016,16029,"Caribou County, Idaho",B01001_001,6813,NA
2016,16031,"Cassia County, Idaho",B01001_001,23441,NA
2016,16033,"Clark County, Idaho",B01001_001,960,119
2016,16035,"Clearwater County, Idaho",B01001_001,8528,NA
2016,16037,"Custer County, Idaho",B01001_001,4185,NA
2016,16039,"Elmore County, Idaho",B01001_001,26103,NA
2016,16041,"Franklin County, Idaho",B01001_001,13013,NA
2016,16043,"Fremont County, Idaho",B01001_001,12896,NA
2016,16045,"Gem County, Idaho",B01001_001,16853,NA
2016,16047,"Gooding County, Idaho",B01001_001,15157,NA
2016,16049,"Idaho County, Idaho",B01001_001,16251,NA
2016,16051,"Jefferson County, Idaho",B01001_001,27096,NA
2016,16053,"Jerome County, Idaho",B01001_001,22694,NA
2016,16055,"Kootenai County, Idaho",B01001_001,147716,NA
2016,16057,"Latah County, Idaho",B01001_001,38593,NA
2016,16059,"Lemhi County, Idaho",B01001_001,7743,NA
2016,16061,"Lewis County, Idaho",B01001_001,3826,NA
2016,16063,"Lincoln County, Idaho",B01001_001,5292,NA
2016,16065,"Madison County, Idaho",B01001_001,38114,NA
2016,16067,"Minidoka County, Idaho",B01001_001,20331,NA
2016,16069,"Nez Perce County, Idaho",B01001_001,39995,NA
2016,16071,"Oneida County, Idaho",B01001_001,4269,NA
2016,16073,"Owyhee County, Idaho",B01001_001,11356,NA
2016,16075,"Payette County, Idaho",B01001_001,22773,NA
2016,16077,"Power County, Idaho",B01001_001,7696,NA
2016,16079,"Shoshone County, Idaho",B01001_001,12551,NA
2016,16081,"Teton County, Idaho",B01001_001,10437,NA
2016,16083,"Twin Falls County, Idaho",B01001_001,80955,NA
2016,16085,"Valley County, Idaho",B01001_001,9897,NA
2016,16087,"Washington County, Idaho",B01001_001,10035,NA
2017,16001,"Ada County, Idaho",B01001_001,435117,NA
2017,16003,"Adams County, Idaho",B01001_001,3946,NA
2017,16005,"Bannock County, Idaho",B01001_001,84113,NA
2017,16007,"Bear Lake County, Idaho",B01001_001,5942,NA
2017,16009,"Benewah County, Idaho",B01001_001,9050,NA
2017,16011,"Bingham County, Idaho",B01001_001,45369,NA
2017,16013,"Blaine County, Idaho",B01001_001,21583,NA
2017,16015,"Boise County, Idaho",B01001_001,6968,NA
2017,16017,"Bonner County, Idaho",B01001_001,41855,NA
2017,16019,"Bonneville County, Idaho",B01001_001,110404,NA
2017,16021,"Boundary County, Idaho",B01001_001,11323,NA
2017,16023,"Butte County, Idaho",B01001_001,2613,NA
2017,16025,"Camas County, Idaho",B01001_001,886,114
2017,16027,"Canyon County, Idaho",B01001_001,207027,NA
2017,16029,"Caribou County, Idaho",B01001_001,6862,NA
2017,16031,"Cassia County, Idaho",B01001_001,23472,NA
2017,16033,"Clark County, Idaho",B01001_001,1055,114
2017,16035,"Clearwater County, Idaho",B01001_001,8533,NA
2017,16037,"Custer County, Idaho",B01001_001,4141,NA
2017,16039,"Elmore County, Idaho",B01001_001,26232,NA
2017,16041,"Franklin County, Idaho",B01001_001,13120,NA
2017,16043,"Fremont County, Idaho",B01001_001,12889,NA
2017,16045,"Gem County, Idaho",B01001_001,16850,NA
2017,16047,"Gooding County, Idaho",B01001_001,15110,NA
2017,16049,"Idaho County, Idaho",B01001_001,16275,NA
2017,16051,"Jefferson County, Idaho",B01001_001,27410,NA
2017,16053,"Jerome County, Idaho",B01001_001,23039,NA
2017,16055,"Kootenai County, Idaho",B01001_001,150128,NA
2017,16057,"Latah County, Idaho",B01001_001,38697,NA
2017,16059,"Lemhi County, Idaho",B01001_001,7755,NA
2017,16061,"Lewis County, Idaho",B01001_001,3824,NA
2017,16063,"Lincoln County, Idaho",B01001_001,5296,NA
2017,16065,"Madison County, Idaho",B01001_001,38241,NA
2017,16067,"Minidoka County, Idaho",B01001_001,20448,NA
2017,16069,"Nez Perce County, Idaho",B01001_001,40014,NA
2017,16071,"Oneida County, Idaho",B01001_001,4284,NA
2017,16073,"Owyhee County, Idaho",B01001_001,11384,NA
2017,16075,"Payette County, Idaho",B01001_001,22839,NA
2017,16077,"Power County, Idaho",B01001_001,7667,NA
2017,16079,"Shoshone County, Idaho",B01001_001,12490,NA
2017,16081,"Teton County, Idaho",B01001_001,10776,NA
2017,16083,"Twin Falls County, Idaho",B01001_001,82248,NA
2017,16085,"Valley County, Idaho",B01001_001,10104,NA
2017,16087,"Washington County, Idaho",B01001_001,9996,NA
2018,16001,"Ada County, Idaho",B01001_001,446052,NA
2018,16003,"Adams County, Idaho",B01001_001,4019,NA
2018,16005,"Bannock County, Idaho",B01001_001,85065,NA
2018,16007,"Bear Lake County, Idaho",B01001_001,5962,NA
2018,16009,"Benewah County, Idaho",B01001_001,9086,NA
2018,16011,"Bingham County, Idaho",B01001_001,45551,NA
2018,16013,"Blaine County, Idaho",B01001_001,21994,NA
2018,16015,"Boise County, Idaho",B01001_001,7163,NA
2018,16017,"Bonner County, Idaho",B01001_001,42711,NA
2018,16019,"Bonneville County, Idaho",B01001_001,112397,NA
2018,16021,"Boundary County, Idaho",B01001_001,11549,NA
2018,16023,"Butte County, Idaho",B01001_001,2602,NA
2018,16025,"Camas County, Idaho",B01001_001,886,105
2018,16027,"Canyon County, Idaho",B01001_001,212230,NA
2018,16029,"Caribou County, Idaho",B01001_001,6918,NA
2018,16031,"Cassia County, Idaho",B01001_001,23615,NA
2018,16033,"Clark County, Idaho",B01001_001,1077,105
2018,16035,"Clearwater County, Idaho",B01001_001,8640,NA
2018,16037,"Custer County, Idaho",B01001_001,4141,NA
2018,16039,"Elmore County, Idaho",B01001_001,26433,NA
2018,16041,"Franklin County, Idaho",B01001_001,13279,NA
2018,16043,"Fremont County, Idaho",B01001_001,12965,NA
2018,16045,"Gem County, Idaho",B01001_001,17052,NA
2018,16047,"Gooding County, Idaho",B01001_001,15169,NA
2018,16049,"Idaho County, Idaho",B01001_001,16337,NA
2018,16051,"Jefferson County, Idaho",B01001_001,27969,NA
2018,16053,"Jerome County, Idaho",B01001_001,23431,NA
2018,16055,"Kootenai County, Idaho",B01001_001,153605,NA
2018,16057,"Latah County, Idaho",B01001_001,39239,NA
2018,16059,"Lemhi County, Idaho",B01001_001,7798,NA
2018,16061,"Lewis County, Idaho",B01001_001,3845,NA
2018,16063,"Lincoln County, Idaho",B01001_001,5321,NA
2018,16065,"Madison County, Idaho",B01001_001,38705,NA
2018,16067,"Minidoka County, Idaho",B01001_001,20615,NA
2018,16069,"Nez Perce County, Idaho",B01001_001,40155,NA
2018,16071,"Oneida County, Idaho",B01001_001,4326,NA
2018,16073,"Owyhee County, Idaho",B01001_001,11455,NA
2018,16075,"Payette County, Idaho",B01001_001,23041,NA
2018,16077,"Power County, Idaho",B01001_001,7713,NA
2018,16079,"Shoshone County, Idaho",B01001_001,12526,NA
2018,16081,"Teton County, Idaho",B01001_001,11080,NA
2018,16083,"Twin Falls County, Idaho",B01001_001,83666,NA
2018,16085,"Valley County, Idaho",B01001_001,10401,NA
2018,16087,"Washington County, Idaho",B01001_001,10025,NA
2019,16001,"Ada County, Idaho",B01001_001,456849,NA
2019,16003,"Adams County, Idaho",B01001_001,4097,NA
2019,16005,"Bannock County, Idaho",B01001_001,85765,NA
2019,16007,"Bear Lake County, Idaho",B01001_001,6000,NA
2019,16009,"Benewah County, Idaho",B01001_001,9138,NA
2019,16011,"Bingham County, Idaho",B01001_001,45839,NA
2019,16013,"Blaine County, Idaho",B01001_001,22373,NA
2019,16015,"Boise County, Idaho",B01001_001,7378,NA
2019,16017,"Bonner County, Idaho",B01001_001,43611,NA
2019,16019,"Bonneville County, Idaho",B01001_001,114392,NA
2019,16021,"Boundary County, Idaho",B01001_001,11845,NA
2019,16023,"Butte County, Idaho",B01001_001,2581,NA
2019,16025,"Camas County, Idaho",B01001_001,1048,125
2019,16027,"Canyon County, Idaho",B01001_001,217633,NA
2019,16029,"Caribou County, Idaho",B01001_001,6953,NA
2019,16031,"Cassia County, Idaho",B01001_001,23690,NA
2019,16033,"Clark County, Idaho",B01001_001,913,125
2019,16035,"Clearwater County, Idaho",B01001_001,8673,NA
2019,16037,"Custer County, Idaho",B01001_001,4169,NA
2019,16039,"Elmore County, Idaho",B01001_001,26743,NA
2019,16041,"Franklin County, Idaho",B01001_001,13464,NA
2019,16043,"Fremont County, Idaho",B01001_001,13020,NA
2019,16045,"Gem County, Idaho",B01001_001,17331,NA
2019,16047,"Gooding County, Idaho",B01001_001,15148,NA
2019,16049,"Idaho County, Idaho",B01001_001,16411,NA
2019,16051,"Jefferson County, Idaho",B01001_001,28534,NA
2019,16053,"Jerome County, Idaho",B01001_001,23730,NA
2019,16055,"Kootenai County, Idaho",B01001_001,157322,NA
2019,16057,"Latah County, Idaho",B01001_001,39505,NA
2019,16059,"Lemhi County, Idaho",B01001_001,7847,NA
2019,16061,"Lewis County, Idaho",B01001_001,3838,NA
2019,16063,"Lincoln County, Idaho",B01001_001,5350,NA
2019,16065,"Madison County, Idaho",B01001_001,39100,NA
2019,16067,"Minidoka County, Idaho",B01001_001,20705,NA
2019,16069,"Nez Perce County, Idaho",B01001_001,40217,NA
2019,16071,"Oneida County, Idaho",B01001_001,4385,NA
2019,16073,"Owyhee County, Idaho",B01001_001,11552,NA
2019,16075,"Payette County, Idaho",B01001_001,23260,NA
2019,16077,"Power County, Idaho",B01001_001,7671,NA
2019,16079,"Shoshone County, Idaho",B01001_001,12609,NA
2019,16081,"Teton County, Idaho",B01001_001,11426,NA
2019,16083,"Twin Falls County, Idaho",B01001_001,84869,NA
2019,16085,"Valley County, Idaho",B01001_001,10709,NA
2019,16087,"Washington County, Idaho",B01001_001,10057,NA
